,headline,location,company,month,year,quarter,detected_language,Rubrik,Jobbtitlar,Kompetenser
0,ASIC Customer Support Project Manager,gothenburg,Fingerprint Cards,12,2016,4,en,ASIC Customer Support Project Manager,['Customer support'],"['Asic' 'Devices' 'Digital design' 'Embedded' 'Integration' 'Not'
 'Progress' 'Sensors']"
1,ASIC Customer Support Project Manager,gothenburg,Fingerprint Cards,12,2016,4,en,ASIC Customer Support Project Manager,['Customer support'],"['Asic' 'Devices' 'Digital design' 'Embedded' 'Integration' 'Not'
 'Progress' 'Sensors']"
2,"Civilingenjör, tillverkningsindustri",,Scania Cv,8,2016,3,sv,"Civilingenjör, tillverkningsindustri",[],['Adaptation' 'C++' 'Sensors' 'Simulation']
3,PRAKTIK ETABLERINGEN  ABB - KBA,,"Abb, Joksafety",8,2016,3,sv,PRAKTIK ETABLERINGEN  ABB - KBA,[],['Embedded' 'Embedded system' 'Hårdvara' 'Konstruktion' 'Mjukvara']
4,Strategic Account Manager - Smartcards,gothenburg,Fingerprint Cards,9,2016,3,en,Strategic Account Manager - Smartcards,[],['Sales' 'Sensor' 'Smart' 'Smartcard']
5,PRAKTIK ETABLERINGEN  ABB - KBA,,"Abb, Joksafety",4,2016,2,sv,PRAKTIK ETABLERINGEN  ABB - KBA,[],['Embedded' 'Embedded system' 'Hårdvara' 'Konstruktion' 'Mjukvara']
6,Senior Product Manager Smart Cards,gothenburg,Fingerprint Cards,5,2016,2,en,Senior Product Manager Smart Cards,['Product manager'],['Devices' 'Not' 'Sensor' 'Smart']
7,Senior Product Manager Smart Cards,gothenburg,Fingerprint Cards,3,2016,1,en,Senior Product Manager Smart Cards,['Product manager'],['Devices' 'Not' 'Sensor' 'Smart']
8,Senior Product Manager Smart Cards,gothenburg,Fingerprint Cards,5,2016,2,en,Senior Product Manager Smart Cards,['Product manager'],['Devices' 'Not' 'Sensor' 'Smart']
9,Embedded Hardware - Consilium Marine and Safety,gteborg,Adecco Sweden,5,2016,2,sv,Embedded Hardware - Consilium Marine and Safety,['Civilingenjör' 'Systemutvecklare'],"['Altium designer' 'Brand' 'Can' 'Design' 'Elektronik' 'Embedded system'
 'Emc' 'Engelska' 'Ethernet' 'Gaslarm' 'Interface' 'Kravhantering'
 'Kundprojekt' 'Mjukvaran' 'Mönsterkortslayout' 'Produktutveckling'
 'Schemadesign' 'Sensorteknik' 'Signalbehandling' 'Strömförsörjning'
 'Svenska' 'Usb']"
10,Embedded Hardware - Consilium Marine and Safety,gteborg,Adecco Sweden,4,2016,2,sv,Embedded Hardware - Consilium Marine and Safety,['Civilingenjör' 'Systemutvecklare'],"['Altium designer' 'Brand' 'Can' 'Design' 'Elektronik' 'Embedded system'
 'Emc' 'Engelska' 'Ethernet' 'Gaslarm' 'Interface' 'Kravhantering'
 'Kundprojekt' 'Mjukvaran' 'Mönsterkortslayout' 'Produktutveckling'
 'Schemadesign' 'Sensorteknik' 'Signalbehandling' 'Strömförsörjning'
 'Svenska' 'Usb']"
11,Product Manager China,gothenburg,Fingerprint Cards,9,2016,3,en,Product Manager China,['Product manager'],['Automotive' 'Devices' 'Not' 'Sensor']
12,Senior Product Manager Smart Cards,gothenburg,Fingerprint Cards,6,2016,2,en,Senior Product Manager Smart Cards,['Product manager'],['Devices' 'Not' 'Sensor' 'Smart']
13,Telecom Core Network Engineer,göteborg,Altran Sverige,3,2016,1,en,Telecom Core Network Engineer,[],"['3gpp' 'Agile' 'C++' 'Configuring' 'Core network' 'Design' 'Eclipse'
 'Embedded' 'Gerrit' 'Git' 'Ip' 'L2tp' 'Lean' 'Nodes' 'Not' 'Pcrf' 'Perl'
 'Protocols' 'Python' 'Router' 'Script' 'Tcp' 'Tls' 'Ttcn-3' 'Udp'
 'Wireshark']"
14,Embedded Hardware - Consilium Marine and Safety,gteborg,Adecco Sweden,5,2016,2,sv,Embedded Hardware - Consilium Marine and Safety,['Civilingenjör' 'Systemutvecklare'],"['Altium designer' 'Brand' 'Can' 'Design' 'Elektronik' 'Embedded system'
 'Emc' 'Engelska' 'Ethernet' 'Gaslarm' 'Interface' 'Kravhantering'
 'Kundprojekt' 'Mjukvaran' 'Mönsterkortslayout' 'Produktutveckling'
 'Schemadesign' 'Sensorteknik' 'Signalbehandling' 'Strömförsörjning'
 'Svenska' 'Usb']"
15,Telecom Core Network Engineer,göteborg,Altran Sverige,5,2016,2,en,Telecom Core Network Engineer,[],"['Agile' 'C++' 'Configuring' 'Core network' 'Design' 'Eclipse' 'Embedded'
 'Gerrit' 'Git' 'Ip' 'Jenkins' 'Lean' 'Nodes' 'Not' 'Perl' 'Protocols'
 'Python' 'Router' 'Script' 'Tcp' 'Test automation' 'Udp' 'Wireshark']"
16,Senior Product Manager Automotive,gothenburg,Fingerprint Cards,3,2016,1,en,Senior Product Manager Automotive,['Product manager'],['Automotive' 'Devices' 'Not' 'Sensor' 'Sensors']
17,ASIC Customer Support Project Manager,gothenburg,Fingerprint Cards,12,2016,4,en,ASIC Customer Support Project Manager,['Customer support'],"['Asic' 'Devices' 'Digital design' 'Embedded' 'Integration' 'Not'
 'Progress' 'Sensors']"
18,ASIC Customer Support Project Manager,gothenburg,Fingerprint Cards,12,2016,4,en,ASIC Customer Support Project Manager,['Customer support'],"['Asic' 'Devices' 'Digital design' 'Embedded' 'Integration' 'Not'
 'Progress' 'Sensors']"
19,"Civilingenjör, tillverkningsindustri",,Scania Cv,8,2016,3,sv,"Civilingenjör, tillverkningsindustri",[],['Adaptation' 'C++' 'Sensors' 'Simulation']
20,PRAKTIK ETABLERINGEN  ABB - KBA,,"Abb, Joksafety",8,2016,3,sv,PRAKTIK ETABLERINGEN  ABB - KBA,[],['Embedded' 'Embedded system' 'Hårdvara' 'Konstruktion' 'Mjukvara']
21,Strategic Account Manager - Smartcards,gothenburg,Fingerprint Cards,9,2016,3,en,Strategic Account Manager - Smartcards,[],['Sales' 'Sensor' 'Smart' 'Smartcard']
22,PRAKTIK ETABLERINGEN  ABB - KBA,,"Abb, Joksafety",4,2016,2,sv,PRAKTIK ETABLERINGEN  ABB - KBA,[],['Embedded' 'Embedded system' 'Hårdvara' 'Konstruktion' 'Mjukvara']
23,Senior Product Manager Smart Cards,gothenburg,Fingerprint Cards,5,2016,2,en,Senior Product Manager Smart Cards,['Product manager'],['Devices' 'Not' 'Sensor' 'Smart']
24,Senior Product Manager Smart Cards,gothenburg,Fingerprint Cards,3,2016,1,en,Senior Product Manager Smart Cards,['Product manager'],['Devices' 'Not' 'Sensor' 'Smart']
25,Senior Product Manager Smart Cards,gothenburg,Fingerprint Cards,5,2016,2,en,Senior Product Manager Smart Cards,['Product manager'],['Devices' 'Not' 'Sensor' 'Smart']
26,Embedded Hardware - Consilium Marine and Safety,gteborg,Adecco Sweden,5,2016,2,sv,Embedded Hardware - Consilium Marine and Safety,['Civilingenjör' 'Systemutvecklare'],"['Altium designer' 'Brand' 'Can' 'Design' 'Elektronik' 'Embedded system'
 'Emc' 'Engelska' 'Ethernet' 'Gaslarm' 'Interface' 'Kravhantering'
 'Kundprojekt' 'Mjukvaran' 'Mönsterkortslayout' 'Produktutveckling'
 'Schemadesign' 'Sensorteknik' 'Signalbehandling' 'Strömförsörjning'
 'Svenska' 'Usb']"
27,Embedded Hardware - Consilium Marine and Safety,gteborg,Adecco Sweden,4,2016,2,sv,Embedded Hardware - Consilium Marine and Safety,['Civilingenjör' 'Systemutvecklare'],"['Altium designer' 'Brand' 'Can' 'Design' 'Elektronik' 'Embedded system'
 'Emc' 'Engelska' 'Ethernet' 'Gaslarm' 'Interface' 'Kravhantering'
 'Kundprojekt' 'Mjukvaran' 'Mönsterkortslayout' 'Produktutveckling'
 'Schemadesign' 'Sensorteknik' 'Signalbehandling' 'Strömförsörjning'
 'Svenska' 'Usb']"
28,Product Manager China,gothenburg,Fingerprint Cards,9,2016,3,en,Product Manager China,['Product manager'],['Automotive' 'Devices' 'Not' 'Sensor']
29,Senior Product Manager Smart Cards,gothenburg,Fingerprint Cards,6,2016,2,en,Senior Product Manager Smart Cards,['Product manager'],['Devices' 'Not' 'Sensor' 'Smart']
30,Telecom Core Network Engineer,göteborg,Altran Sverige,3,2016,1,en,Telecom Core Network Engineer,[],"['3gpp' 'Agile' 'C++' 'Configuring' 'Core network' 'Design' 'Eclipse'
 'Embedded' 'Gerrit' 'Git' 'Ip' 'L2tp' 'Lean' 'Nodes' 'Not' 'Pcrf' 'Perl'
 'Protocols' 'Python' 'Router' 'Script' 'Tcp' 'Tls' 'Ttcn-3' 'Udp'
 'Wireshark']"
31,Embedded Hardware - Consilium Marine and Safety,gteborg,Adecco Sweden,5,2016,2,sv,Embedded Hardware - Consilium Marine and Safety,['Civilingenjör' 'Systemutvecklare'],"['Altium designer' 'Brand' 'Can' 'Design' 'Elektronik' 'Embedded system'
 'Emc' 'Engelska' 'Ethernet' 'Gaslarm' 'Interface' 'Kravhantering'
 'Kundprojekt' 'Mjukvaran' 'Mönsterkortslayout' 'Produktutveckling'
 'Schemadesign' 'Sensorteknik' 'Signalbehandling' 'Strömförsörjning'
 'Svenska' 'Usb']"
32,Telecom Core Network Engineer,göteborg,Altran Sverige,5,2016,2,en,Telecom Core Network Engineer,[],"['Agile' 'C++' 'Configuring' 'Core network' 'Design' 'Eclipse' 'Embedded'
 'Gerrit' 'Git' 'Ip' 'Jenkins' 'Lean' 'Nodes' 'Not' 'Perl' 'Protocols'
 'Python' 'Router' 'Script' 'Tcp' 'Test automation' 'Udp' 'Wireshark']"
33,Senior Product Manager Automotive,gothenburg,Fingerprint Cards,3,2016,1,en,Senior Product Manager Automotive,['Product manager'],['Automotive' 'Devices' 'Not' 'Sensor' 'Sensors']
34,HIL engineer,göteborg,"Cevt, Electrical",12,2017,4,en,HIL engineer,[],['Dspace' 'Innovation' 'Its' 'Matlab simulink' 'Simulation' 'Stateflow']
35,Projektledare / Produktutveckling / Embedded,göteborg,Åf,11,2017,3,sv,Projektledare / Produktutveckling / Embedded,['Projektledare'],"['Budget' 'Embedded' 'Energi' 'Engelska' 'Hårdvarunära programmering'
 'Ingenjörsföretag' 'Lean' 'Ledarskap' 'Produktutveckling'
 'Projektledning' 'Rekrytering' 'Scrum' 'Svenska' 'Tidplaner']"
36,Hardware Engineers,,Music Group Innovation Sweden,12,2017,4,en,Hardware Engineers,[],['Altium designer' 'Amplifiers' 'Elcad' 'Embedded' 'Layout']
37,Business Developer Market Creator,,Kic Ie,1,2017,1,en,Business Developer Market Creator,[],"['Arduino' 'C++' 'Cloud' 'Design' 'Embedded' 'Embedded system' 'Esp' 'Iot'
 'Java' 'Not' 'Programming languages' 'Protocols' 'Python' 'Storage']"
38,Business developer,,Kic Ie,1,2017,1,en,Business developer,[],"['Arduino' 'C++' 'Cloud' 'Design' 'Embedded' 'Esp' 'Iot' 'Java' 'Not'
 'Programming languages' 'Protocols' 'Python' 'Storage']"
39,ASIC Customer Support Project Manager,gothenburg,Fingerprint Cards,1,2017,1,en,ASIC Customer Support Project Manager,['Customer support'],"['Asic' 'Devices' 'Digital design' 'Embedded' 'Integration' 'Not'
 'Progress' 'Sensors']"
40,ASIC Customer Support Project Manager,gothenburg,Fingerprint Cards,2,2017,1,en,ASIC Customer Support Project Manager,['Customer support'],"['Asic' 'Devices' 'Digital design' 'Embedded' 'Integration' 'Not'
 'Progress' 'Sensors']"
41,Embedded Engineer in Embedded Hardware Development,,Inteno Broadband Technology,2,2017,1,en,Embedded Engineer in Embedded Hardware Development,[],"['Analyzer' 'Bash' 'Debug' 'Debugger' 'Debuggers' 'Embedded' 'Firewall'
 'Gcc' 'Git' 'Linux' 'Multicast' 'Sip' 'Tcp/ip' 'Unix' 'Version control'
 'Wireless' 'Wlan']"
42,Embedded HW Designer,,Incontext,1,2017,1,sv,Embedded HW Designer,['Designer'],"['Elektronik' 'Elektroteknik' 'Embedded' 'Embedded system' 'Emc'
 'Engelska' 'Hårdvara' 'Mekanik' 'Mjukvara' 'Pcb design' 'Programmering'
 'Svenska' 'Tekniska lösningar' 'Verifiering']"
43,Embedded hardware designer,solna,Åf,3,2017,1,sv,Embedded hardware designer,['Bas' 'Ingenjör'],"['Analog elektronik' 'Bootloader' 'C++' 'Cpu' 'Elektronik'
 'Elektronikkonstruktion' 'Elektroteknik' 'Embedded system' 'Engelska'
 'Fpga kraftkonstruktion' 'Hårdvara' 'Hårdvarukonstruktion'
 'Ingenjörsexamen' 'Integrering' 'Konsultuppdrag' 'Kunskapsnätverk'
 'Layout digitalelektronik' 'Mjukvara' 'Mjukvarukonstruktion'
 'Schemaritning' 'Signalintegritet' 'Svenska' 'Teknisk fysik']"
44,Embedded HW Design Engineer,,Incontext,3,2017,1,en,Embedded HW Design Engineer,[],['Emc']
45,Product Manager 'Packaged Components',gothenburg,Fingerprint Cards,5,2017,2,en,Product Manager 'Packaged Components',['Product manager'],['Embedded']
46,Electronics Engineer,sandviken,Sandvik Coromant,7,2017,2,en,Electronics Engineer,[],['Design' 'Embedded' 'Innovation' 'Research']
47,Embedded HW Design Engineer,,Incontext,5,2017,2,en,Embedded HW Design Engineer,[],['Emc']
48,Passionate Embedded hardware design engineer,,Tobii Technology,7,2017,2,en,Passionate Embedded hardware design engineer,['System design engineer'],['Design' 'Embedded' 'Firmware' 'Innovation' 'Not' 'Pro' 'Sales' 'Tobii']
49,Global RF & Antenna Hardware Lead Engineer,,Volvo Group,10,2017,3,en,Global RF & Antenna Hardware Lead Engineer,[],['Antenna' 'Brand' 'Budget' 'Design' 'Embedded' 'Performance' 'Rf' 'Rx']
50,Software Engineer,malm,U-blox I Malmö,1,2018,1,en,Software Engineer,['Customer support' 'Diskrimineringsombudsman'],['Agile' 'Android' 'Bluetooth' 'Ios' 'Microsoft windows']
51,IT-supportkonsult för deltidstjänst i Åhus,malmö,Atea,2,2018,1,sv,IT-supportkonsult för deltidstjänst i Åhus,['It-konsult' 'Produktsupport'],"['Administration' 'Certifieringar' 'Drifting' 'Eftergymnasial utbildning'
 'Embedded' 'Engelska' 'Felsökningsmetodik' 'It-infrastruktur' 'It-miljö'
 'It-support' 'It-tjänster' 'Kundservice' 'Kvalitetssäkring' 'Lag' 'Linux'
 'Microsoft windows' 'Nätverk' 'On-site' 'Produktlansering' 'Servicedesk'
 'Servrar' 'Svenska' 'Teknik' 'Testmiljöer' 'Windows server' 'Övervakning']"
52,Embedded Engineer in Embedded Hardware Development,skärholmen,Inteno Broadband Technology,3,2018,1,en,Embedded Engineer in Embedded Hardware Development,[],['Embedded' 'Wireless']
53,Hardware developer for a long term contract in Stockholm,,Experis,3,2018,1,en,Hardware developer for a long term contract in Stockholm,[],"['Bugzilla' 'Client' 'Design' 'Devices' 'Embedded' 'Jira'
 'Microsoft office' 'Not' 'Orcad' 'Plm']"
54,INHOUSE EMBEDDED HW DEVELOPER,göteborg,Alten Sverige,5,2018,2,en,INHOUSE EMBEDDED HW DEVELOPER,['Diskrimineringsombudsman'],['Design' 'Pcb']
55,EMBEDDED HARDWARE DEVELOPER FOR MEDTECH PROJECT,göteborg,Alten Sverige,8,2018,3,en,EMBEDDED HARDWARE DEVELOPER FOR MEDTECH PROJECT,[],['Design' 'Medtech' 'Radio']
56,"Embedded HW engineer, Electrical & Electronic Systems",eskilstuna,Volvo Business Services,9,2018,3,sv,"Embedded HW engineer, Electrical & Electronic Systems",[],"['Emc' 'Problemlösning' 'Produktunderhåll' 'Teknisk support'
 'Utvecklingsprocesser']"
57,EMBEDDED HARDWARE DEVELOPER FOR MEDTECH PROJECT,göteborg,Alten Sverige,10,2018,3,en,EMBEDDED HARDWARE DEVELOPER FOR MEDTECH PROJECT,[],['Design' 'Medtech' 'Radio']
58,INHOUSE EMBEDDED HW DEVELOPER,göteborg,Alten Sverige,10,2018,3,en,INHOUSE EMBEDDED HW DEVELOPER,[],['Pcb']
59,ASIC System Integration and Analysis Engineers,göteborg,Fingerprint Cards,11,2018,3,en,ASIC System Integration and Analysis Engineers,['Customer support'],['Can' 'Fpga' 'Integration' 'Mission']
60,Hardware Engineer,malmö,Beijer Electronics,11,2018,3,en,Hardware Engineer,['Hardware engineer'],['Design' 'Embedded' 'Feedback' 'Firmware' 'Layout' 'Pcb layout']
61,Product Coordinator - Digital Machining Business,,Sandvik Coromant,11,2018,3,en,Product Coordinator - Digital Machining Business,[],"['Act' 'Data' 'Devices' 'Embedded' 'Innovation' 'Investment' 'Marketing'
 'Most' 'Research']"
62,Embeddedarkitekt inom IoT-projekt till ÅF,göteborg,Åf,12,2018,4,sv,Embeddedarkitekt inom IoT-projekt till ÅF,['Sw-utvecklare'],"['C++' 'Embedded' 'Engelska' 'Fpga' 'Hårdvarunära programmering'
 'Ingenjörsexamen' 'Iot' 'Kravframtagning' 'Leveransprojekt' 'Offerering'
 'Problemlösning' 'Produktutveckling' 'Produktutvecklingsprojekt'
 'Svenska' 'Systemutveckling']"
63,Embeddedarkitekt inom IoT-projekt till ÅF,göteborg,Åf,1,2019,1,sv,Embeddedarkitekt inom IoT-projekt till ÅF,['Sw-utvecklare'],"['C++' 'Embedded' 'Engelska' 'Fpga' 'Hårdvarunära programmering'
 'Ingenjörsexamen' 'Iot' 'Kravframtagning' 'Leveransprojekt' 'Offerering'
 'Problemlösning' 'Produktutveckling' 'Produktutvecklingsprojekt'
 'Svenska' 'Systemutveckling']"
64,UCG 012306 Test engineer telecom,jrflla,United Consultants Group Ucg,1,2019,1,en,UCG 012306 Test engineer telecom,['Test engineer'],[]
65,Concept Development Engineer with an edge towards embedded systems,lund,Axis Communications,2,2019,1,en,Concept Development Engineer with an edge towards embedded systems,[],"['Access control' 'Artificial intelligence' 'Audio' 'C++' 'Can' 'Embedded'
 'Oscilloscope' 'Prototyping' 'Video']"
66,Embeddedarkitekt inom IoT-projekt till ÅF,göteborg,Åf,2,2019,1,sv,Embeddedarkitekt inom IoT-projekt till ÅF,['Sw-utvecklare'],"['C++' 'Embedded' 'Engelska' 'Fpga' 'Hårdvarunära programmering'
 'Ingenjörsexamen' 'Iot' 'Kravframtagning' 'Leveransprojekt' 'Offerering'
 'Problemlösning' 'Produktutveckling' 'Produktutvecklingsprojekt'
 'Svenska' 'Systemutveckling']"
67,Embeddedarkitekt inom IoT-projekt till ÅF,göteborg,Åf,3,2019,1,sv,Embeddedarkitekt inom IoT-projekt till ÅF,['Sw-utvecklare'],"['C++' 'Embedded' 'Engelska' 'Fpga' 'Hårdvarunära programmering'
 'Ingenjörsexamen' 'Iot' 'Kravframtagning' 'Leveransprojekt' 'Offerering'
 'Problemlösning' 'Produktutveckling' 'Produktutvecklingsprojekt'
 'Svenska' 'Systemutveckling']"
68,Electronic Designer to VSM,jönköping,Onepartner Group,4,2019,2,en,Electronic Designer to VSM,[],['Brand' 'Design' 'Its' 'Most' 'Performance']
69,Embeddedarkitekt inom IoT-projekt till ÅF,göteborg,Åf,4,2019,2,sv,Embeddedarkitekt inom IoT-projekt till ÅF,['Sw-utvecklare'],"['C++' 'Embedded' 'Engelska' 'Fpga' 'Hårdvarunära programmering'
 'Ingenjörsexamen' 'Iot' 'Kravframtagning' 'Leveransprojekt' 'Offerering'
 'Problemlösning' 'Produktutveckling' 'Produktutvecklingsprojekt'
 'Svenska' 'Systemutveckling']"
70,Senior AI Engineer,göteborg,Volvo Business Services,4,2019,2,en,Senior AI Engineer,[],"['Automation' 'Data' 'Deploy' 'Deployment' 'Design' 'Integration' 'Object'
 'Perception' 'Research' 'Sensor fusion' 'Signal processing' 'Stack']"
71,Electronic Designer to VSM,jönköping,Onepartner Group,4,2019,2,en,Electronic Designer to VSM,[],['Brand' 'Design' 'Its' 'Most' 'Performance']
72,Electronic Designer to VSM,jönköping,Onepartner Group,4,2019,2,en,Electronic Designer to VSM,[],['Brand' 'Design' 'Its' 'Most' 'Performance']
73,Embeddedarkitekt inom IoT-projekt till ÅF,göteborg,Åf,5,2019,2,sv,Embeddedarkitekt inom IoT-projekt till ÅF,['Sw-utvecklare'],"['C++' 'Embedded' 'Engelska' 'Fpga' 'Hårdvarunära programmering'
 'Ingenjörsexamen' 'Iot' 'Kravframtagning' 'Leveransprojekt' 'Offerering'
 'Problemlösning' 'Produktutveckling' 'Produktutvecklingsprojekt'
 'Svenska' 'Systemutveckling']"
74,IoT Architect,,Ikea Of Sweden,5,2019,2,en,IoT Architect,[],['C#' 'Design' 'Embedded system' 'Java' 'Python']
75,Embedded Hardware Engineer,,Volvo Business Services,6,2019,2,en,Embedded Hardware Engineer,['Diskrimineringsombudsman'],['Can' 'Design' 'Embedded' 'Rest' 'Transmission' 'Transmissions']
76,Test Engineer-TRCS-SEST01787225,,Bombardier Transportation Sweden,7,2019,2,en,Test Engineer-TRCS-SEST01787225,[],"['Basic' 'Change management' 'Design' 'Embedded' 'Emc' 'Ip' 'Matlab'
 'Protocols' 'Python' 'Test automation']"
77,Electronic Designer to VSM,jönköping,Onepartner Group,7,2019,2,en,Electronic Designer to VSM,[],['Brand' 'Design' 'Its' 'Most' 'Performance']
78,Electronic Designer to VSM,jönköping,Onepartner Group,9,2019,3,en,Electronic Designer to VSM,[],['Brand' 'Design' 'Its' 'Most' 'Performance']
79,AI Engineer Environment Perception - Vehicle Automation,,Volvo Business Services,10,2019,3,en,AI Engineer Environment Perception - Vehicle Automation,[],"['Artificial intelligence' 'Automation' 'Data' 'Deploy' 'Deployment'
 'Design' 'Integration' 'Object' 'Perception' 'Research'
 'Signal processing' 'Stack' 'Unit testing']"
80,Software Engineer,,Wireless System Integration Sweden,10,2019,3,en,Software Engineer,['Diskrimineringsombudsman'],['Embedded' 'Freertos' 'Headsets' 'Internet of things' 'Rtos']
81,E-MOBILITY - SYSTEM ENGINEER - POWER ELECTRONICS,göteborg,Mutual Benefits Engineering,10,2019,3,en,E-MOBILITY - SYSTEM ENGINEER - POWER ELECTRONICS,['Systemutvecklare'],"['Automotive' 'Canalyzer' 'Canoe' 'Client' 'Compliance' 'Design'
 'Integration' 'Matlab simulink' 'Simulation' 'Storage' 'Tracing'
 'Transport' 'Vector']"
82,E-MOBILITY - TECHNICAL PROJECT MANAGER - POWER ELECTRONICS,,Mutual Benefits Engineering,11,2019,3,en,E-MOBILITY - TECHNICAL PROJECT MANAGER - POWER ELECTRONICS,[],['Automotive' 'Design' 'Storage' 'Transmission']
83,Safety Engineer,,Abb Västerås Ängsgärdet,11,2019,3,en,Safety Engineer,['Diskrimineringsombudsman'],"['Automation' 'Design' 'Fmea' 'Fmeda' 'Hazop' 'Iec61508' 'Investment'
 'Most']"
84,TECHNICAL PROJECT MANAGER  - POWER ELECTRONICS - E-MOBILITY,,Mutual Benefits Engineering,11,2019,3,en,TECHNICAL PROJECT MANAGER  - POWER ELECTRONICS - E-MOBILITY,['Technical project manager'],['Automotive' 'Design' 'Storage' 'Transmission']
85,GCR Embedded Hardware,,Volvo Business Services,11,2019,3,en,GCR Embedded Hardware,[],['Automotive' 'Embedded' 'Kola' 'Transmission']
86,Electronic Designer to VSM,jönköping,Onepartner Group,11,2019,3,en,Electronic Designer to VSM,[],['Brand' 'Design' 'Its' 'Most' 'Performance']
87,E-MOBILITY - SYSTEM ENGINEER - POWER ELECTRONICS,,Mutual Benefits Engineering,11,2019,3,en,E-MOBILITY - SYSTEM ENGINEER - POWER ELECTRONICS,['System engineer' 'Systemutvecklare'],['Automotive' 'Autosar' 'Can' 'Client' 'Design' 'Storage' 'Tracing']
88,Software Integrator for Autonomous Driving Project,,Robert Bosch,12,2019,4,en,Software Integrator for Autonomous Driving Project,[],['Can' 'Configuration management' 'Git' 'Integration']
89,"Component Engineer, Process Control Platform",,"Abb Västerås, Tvärleden 2",1,2020,1,en,"Component Engineer, Process Control Platform",[],['Design']
90,TECHNICAL PROJECT MANAGER  - POWER ELECTRONICS - E-MOBILITY,,Mutual Benefits Engineering,1,2020,1,en,TECHNICAL PROJECT MANAGER  - POWER ELECTRONICS - E-MOBILITY,['Project manager'],['Automotive' 'Transmission']
91,Functional Safety Engineer for Embedded Hardware ,,Abb,2,2020,1,en,Functional Safety Engineer for Embedded Hardware ,[],[]
92,Electronic Designer to SVP Worldwide,jönköping,Onepartnergroup Jönköping,2,2020,1,en,Electronic Designer to SVP Worldwide,[],['Design' 'Performance']
93,PROJECT MANAGER  - POWER ELECTRONICS - E-MOBILITY,,Mutual Benefits Engineering,2,2020,1,en,PROJECT MANAGER  - POWER ELECTRONICS - E-MOBILITY,['Project manager'],['Automotive' 'Transmission']
94,E-MOBILITY - SYSTEM ENGINEER - POWER ELECTRONICS,,Mutual Benefits Engineering,2,2020,1,en,E-MOBILITY - SYSTEM ENGINEER - POWER ELECTRONICS,[],['Automotive' 'Client' 'Tracing']
95,PROJECT MANAGER  - POWER ELECTRONICS - E-MOBILITY,göteborg,Mutual Benefits Engineering,3,2020,1,en,PROJECT MANAGER  - POWER ELECTRONICS - E-MOBILITY,['Project manager'],['Automotive' 'Transmission']
96,E-MOBILITY - SYSTEM ENGINEER - POWER ELECTRONICS,göteborg,Mutual Benefits Engineering,3,2020,1,en,E-MOBILITY - SYSTEM ENGINEER - POWER ELECTRONICS,[],['Automotive' 'Client' 'Tracing']
97,Model engineer,göteborg,Randstad,7,2020,2,en,Model engineer,[],['Vector']
98,HIL Test Engineer,mölndal,Egems,7,2020,2,en,HIL Test Engineer,[],['Dspace' 'Simulation' 'Vector']
99,Software Engineer,stockholm,Wireless System Integration Sweden,7,2020,2,en,Software Engineer,[],['Embedded' 'Headsets' 'Internet of things']
100,Technical Product Manager,varberg,Proove,8,2020,3,en,Technical Product Manager,['Guide'],['B2b' 'B2c' 'Design' 'Feature' 'Protocol']
101,Electronic System Developer till Technogarden Stockholm,stockholm,Technogarden,11,2020,3,en,Electronic System Developer till Technogarden Stockholm,[],[]
102,PROJECT MANAGER  - POWER ELECTRONICS - E-MOBILITY,göteborg,Mutual Benefits Engineering,11,2020,3,en,PROJECT MANAGER  - POWER ELECTRONICS - E-MOBILITY,['Project manager'],['Automotive' 'Transmission']
103,PROJECT MANAGER  - POWER ELECTRONICS - E-MOBILITY,göteborg,Mutual Benefits Engineering,12,2020,4,en,PROJECT MANAGER  - POWER ELECTRONICS - E-MOBILITY,['Art director' 'Technical project manager'],['Automotive' 'Transmission']
104,E-MOBILITY - SYSTEM ENGINEER - POWER ELECTRONICS,göteborg,Mutual Benefits Engineering,12,2020,4,en,E-MOBILITY - SYSTEM ENGINEER - POWER ELECTRONICS,[],['Automotive' 'Client' 'Tracing']
105,Electronic Hardware Design Engineer,uddevalla,Faabcharge,1,2021,1,en,Electronic Hardware Design Engineer,[],['Tracing']
106,embedded developer to teenage engineering,stockholm,Teenage Engineering,2,2021,1,en,embedded developer to teenage engineering,['Designer'],['Design' 'Embedded' 'Embedded linux' 'Rapid prototyping']
107,Head of Embedded Hardware,göteborg,Voi Technology,2,2021,1,en,Head of Embedded Hardware,['Diskrimineringsombudsman'],['Can' 'Compliance' 'Embedded' 'Integration' 'Iot' 'Sensor' 'Smart']
108,Head of Embedded Hardware at Voi Technology,göteborg,Mpya Sci & Tech,2,2021,1,en,Head of Embedded Hardware at Voi Technology,['Diskrimineringsombudsman'],['Can' 'Compliance' 'Embedded' 'Smart']
109,PROJECT MANAGER  - POWER ELECTRONICS - E-MOBILITY,göteborg,Mutual Benefits Engineering,2,2021,1,en,PROJECT MANAGER  - POWER ELECTRONICS - E-MOBILITY,['Art director' 'Technical project manager'],['Automotive' 'Transmission']
110,E-MOBILITY - SYSTEM ENGINEER - POWER ELECTRONICS,göteborg,Mutual Benefits Engineering,2,2021,1,en,E-MOBILITY - SYSTEM ENGINEER - POWER ELECTRONICS,[],['Automotive' 'Client' 'Tracing']
111,Senior Hardware Design Engineer,göteborg,Voi Technology,2,2021,1,en,Senior Hardware Design Engineer,['Diskrimineringsombudsman'],"['Can' 'Compliance' 'Design' 'Devices' 'Embedded' 'Http' 'Integration'
 'Iot' 'Sensor' 'Smart']"
112,Senior Hardware Design Engineer at Voi Technology,göteborg,Mpya Sci & Tech,2,2021,1,en,Senior Hardware Design Engineer at Voi Technology,['Diskrimineringsombudsman'],['Can' 'Compliance' 'Embedded' 'Http' 'Smart']
113,EMBEDDED PRODUCT DEVELOPER,göteborg,Lumenradio,2,2021,1,en,EMBEDDED PRODUCT DEVELOPER,[],[]
114,Embedded Hardware Engineer,göteborg,Alten Sverige,2,2021,1,en,Embedded Hardware Engineer,[],['Altium' 'Embedded' 'Hfss']
115,HW/Electronics Lead Engineer - Automotive,göteborg,L&t Technology Services Sverige Filial,3,2021,1,en,HW/Electronics Lead Engineer - Automotive,[],[]
116,Embedded Hardware Engineer,stockholm,Alten Sverige,3,2021,1,en,Embedded Hardware Engineer,[],"['Artificial intelligence' 'Automation' 'Layout' 'Machine learning'
 'Pcb design']"
117,Embedded Hardware Engineer,göteborg,Alten Sverige,3,2021,1,en,Embedded Hardware Engineer,[],['Altium' 'Embedded' 'Hfss']
118,HW Coordinator,göteborg,Volvo Car Corporation,3,2021,1,en,HW Coordinator,[],"['Agile' 'Automotive' 'Continuous integration' 'Data' 'Embedded' 'Rest'
 'Rust']"
119,Autonomous Solutions - Initiative Safety Manager,södertälje,Scania,3,2021,1,en,Autonomous Solutions - Initiative Safety Manager,[],['Deployment' 'Design' 'Embedded']
120,Embedded Hardware Engineer,göteborg,Alten Sverige,4,2021,2,en,Embedded Hardware Engineer,[],['Altium' 'Embedded' 'Hfss']
121,Head of Embedded Hardware at Voi Technology,göteborg,Mpya Sci & Tech,4,2021,2,en,Head of Embedded Hardware at Voi Technology,['Diskrimineringsombudsman'],['Can' 'Compliance' 'Embedded' 'Smart']
122,PROJECT MANAGER  - POWER ELECTRONICS - E-MOBILITY,göteborg,Mutual Benefits Engineering,4,2021,2,en,PROJECT MANAGER  - POWER ELECTRONICS - E-MOBILITY,['Technical project manager'],['Automotive' 'Transmission']
123,Battery Management System Hardware Specialist,göteborg,China-euro Vehicle Technology,4,2021,2,en,Battery Management System Hardware Specialist,[],"['Design' 'Innovation' 'Microsoft office' 'Sharepoint' 'Simulation'
 'Systemweaver' 'Teamcenter']"
124,HW Coordinator,göteborg,Volvo Car Corporation,4,2021,2,en,HW Coordinator,[],"['Agile' 'Automotive' 'Continuous integration' 'Data' 'Embedded' 'Rest'
 'Rust']"
125,Embedded Hardware Engineer,stockholm,Alten Sverige,5,2021,2,en,Embedded Hardware Engineer,[],"['Artificial intelligence' 'Automation' 'Layout' 'Machine learning'
 'Pcb design']"
126,Embedded Hardware Engineer,göteborg,Alten Sverige,5,2021,2,en,Embedded Hardware Engineer,[],['Altium' 'Embedded' 'Hfss']
127,Embedded Hardware Engineer,stockholm,Alten Sverige,5,2021,2,en,Embedded Hardware Engineer,[],"['Artificial intelligence' 'Automation' 'Layout' 'Machine learning'
 'Pcb design']"
128,Product Design Engineer IKEA Home smart,lmhult,Ikea Of Sweden,5,2021,2,en,Product Design Engineer IKEA Home smart,[],['Compliance' 'Internet of things' 'Iot']
129,Embedded Hardware WiFi Developer,stockholm,Insert Talent,6,2021,2,en,Embedded Hardware WiFi Developer,[],"['Can' 'Feature' 'Performance' 'Performance testing' 'Prototype' 'Rf'
 'Wi-fi']"
130,Embedded Hardware Engineer,göteborg,Alten Sverige,6,2021,2,en,Embedded Hardware Engineer,[],['Altium' 'Embedded' 'Hfss']
131,Experienced Embedded Hardware Engineer,stockholm,Alten Sverige,6,2021,2,en,Experienced Embedded Hardware Engineer,['Major'],['Artificial intelligence' 'Automation' 'Machine learning']
132,PROJECT MANAGER  - POWER ELECTRONICS - E-MOBILITY,göteborg,Mutual Benefits Engineering,6,2021,2,en,PROJECT MANAGER  - POWER ELECTRONICS - E-MOBILITY,['Technical project manager'],['Automotive' 'Transmission']
133,Experienced Embedded Hardware Engineer to ALTEN,stockholm,Alten Sverige,7,2021,2,en,Experienced Embedded Hardware Engineer to ALTEN,['Major'],['Artificial intelligence' 'Automation' 'Machine learning']
134,Software Developer Vehicle Controls – Volvo Autonomous Solutions,eskilstuna,Volvo Group,7,2021,2,en,Software Developer Vehicle Controls – Volvo Autonomous Solutions,[],"['Can' 'Deployment' 'Logic' 'Material' 'Operation' 'Performance'
 'Transport' 'Vision']"
135,Embedded Hardware Engineer,göteborg,Alten Sverige,7,2021,2,en,Embedded Hardware Engineer,[],['Altium' 'Embedded' 'Hfss']
136,Embedded Engineer for water tech startup,stockholm,Stockholm Water Technology,8,2021,3,en,Embedded Engineer for water tech startup,[],['Can' 'Its' 'Marketing']
137,Experienced Embedded Hardware Engineer ,stockholm,Alten Sverige,8,2021,3,en,Experienced Embedded Hardware Engineer ,['Major'],[]
138,Senior Electronics Development & Design Leader,stockholm,Electrolux,8,2021,3,en,Senior Electronics Development & Design Leader,['Diskrimineringsombudsman'],['Design' 'Performance']
139,Embedded Hardware Engineer,göteborg,Alten Sverige,8,2021,3,en,Embedded Hardware Engineer,[],['Altium' 'Embedded' 'Hfss']
140,Software Engineer - Field Application Engineer- IOT,stockholm,Siri,8,2021,3,en,Software Engineer - Field Application Engineer- IOT,[],['C++' 'Iot']
141,PROJECT MANAGER  - POWER ELECTRONICS - E-MOBILITY,göteborg,Mutual Benefits Engineering,8,2021,3,en,PROJECT MANAGER  - POWER ELECTRONICS - E-MOBILITY,['Technical project manager'],['Automotive' 'Compliance' 'Transmission']
142,Experienced Embedded Hardware Engineer ,stockholm,Alten Sverige,9,2021,3,en,Experienced Embedded Hardware Engineer ,['Major'],[]
143,Embedded Hardware Engineer,göteborg,Alten Sverige,9,2021,3,en,Embedded Hardware Engineer,[],['Altium' 'Embedded' 'Hfss']
144,Embedded Hardware Developer,göteborg,Afry,9,2021,3,sv,Embedded Hardware Developer,['Hårdvarukonstruktör'],"['Altium' 'Asic' 'Elektronik' 'Elektronikkonstruktion' 'Embedded' 'Emc'
 'Engelska' 'Fpga' 'Hårdvarunära programmering' 'Innovation' 'Mätteknik'
 'Orcad' 'Pcba' 'Svenska' 'Teknik']"
145,System Architect HW,göteborg,Volvo Group,9,2021,3,en,System Architect HW,[],['Embedded' 'Lean']
146,Embedded Hardware Engineer ,stockholm,Alten Sverige,10,2021,3,en,Embedded Hardware Engineer ,['Major'],[]
147,Embedded Hardware Engineer,göteborg,Alten Sverige,10,2021,3,en,Embedded Hardware Engineer,[],['Altium' 'Embedded' 'Hfss']
148,Embedded developer to Diadrom!,göteborg,Professionals Nord Rekrytering,10,2021,3,en,Embedded developer to Diadrom!,['Embedded software developer'],['Agile' 'Automotive' 'C#' 'C++' 'Microcontrollers' 'Not' 'Protocols']
149,PROJECT MANAGER  - POWER ELECTRONICS - E-MOBILITY,göteborg,Mutual Benefits Engineering,10,2021,3,en,PROJECT MANAGER  - POWER ELECTRONICS - E-MOBILITY,['Technical project manager'],['Automotive' 'Compliance' 'Transmission']
150,Embedded Software Developer,danderyd,Tobii,10,2021,3,en,Embedded Software Developer,['Embedded software developer'],['Automotive' 'Design' 'Innovation' 'Spice']
151,Embedded Hardware Engineer,göteborg,Alten Sverige,10,2021,3,en,Embedded Hardware Engineer,[],['Altium' 'Embedded' 'Hfss']
152,Embedded developer to Diadrom!,göteborg,Professionals Nord Rekrytering,10,2021,3,en,Embedded developer to Diadrom!,['Embedded software developer'],['Agile' 'Automotive' 'C#' 'C++' 'Microcontrollers' 'Protocols']
153,Ansvarig elektronikkonstruktör,ngelholm,Freevalve,11,2021,3,en,Ansvarig elektronikkonstruktör,[],['Altium' 'C++' 'Prototyping']
154,Software Engineer (Continuous Integration),göteborg,Aptiv Contract Services Sweden,11,2021,3,en,Software Engineer (Continuous Integration),['Config manager'],['C++' 'Innovation' 'Integration' 'Java' 'Tracing']
155,System Architect HW,göteborg,Volvo Group,11,2021,3,en,System Architect HW,[],['Embedded' 'Lean']
156,Embedded Hardware Engineer,göteborg,Alten Sverige,11,2021,3,en,Embedded Hardware Engineer,[],['Altium' 'Embedded' 'Hfss']
157,Technical Project Manager – HW/SW Design - CabinAir,stockholm,Cabinair,11,2021,3,en,Technical Project Manager – HW/SW Design - CabinAir,[],['Design']
158,System Safety Developer,göteborg,Volvo Car Corporation,11,2021,3,en,System Safety Developer,[],['Design' 'Feedback']
159,PROJECT MANAGER  - POWER ELECTRONICS - E-MOBILITY,göteborg,Mutual Benefits Engineering,11,2021,3,en,PROJECT MANAGER  - POWER ELECTRONICS - E-MOBILITY,['Technical project manager'],['Automotive' 'Compliance' 'Transmission']
160,Chief engineer - Embedded Hardware,uppsala,Etteplan,12,2021,4,en,Chief engineer - Embedded Hardware,[],['C++' 'Embedded' 'Linux' 'Yocto']
161,Embedded developer to Diadrom!,göteborg,Professionals Nord Rekrytering,12,2021,4,en,Embedded developer to Diadrom!,['Embedded software developer'],['Agile' 'Automotive' 'C#' 'C++' 'Microcontrollers' 'Protocols']
162,System and Software Engineer Electrical Vehicle,göteborg,Embedded By Quokka,12,2021,4,en,System and Software Engineer Electrical Vehicle,['Diskrimineringsombudsman'],['Design' 'Embedded' 'Embedded system']
163,Embedded Hardware Developer,göteborg,Åf,12,2021,4,sv,Embedded Hardware Developer,['Hårdvarukonstruktör'],"['Altium' 'Asic' 'Elektronik' 'Elektronikkonstruktion' 'Embedded' 'Emc'
 'Engelska' 'Fpga' 'Hw-utveckling' 'Innovation' 'Mätteknik' 'Orcad' 'Pcba'
 'Svenska' 'Teknik']"
164,HW/Electronics Lead Engineer - Automotive,göteborg,L&t Technology Services Sverige Filial,12,2021,4,en,HW/Electronics Lead Engineer - Automotive,[],[]
165,Embedded Hardware Engineer,göteborg,Alten Sverige,11,2021,3,en,Embedded Hardware Engineer,[],['Altium' 'Embedded' 'Hfss']
166,Embedded Hardware Engineer,göteborg,Alten Sverige,1,2022,1,en,Embedded Hardware Engineer,[],['Altium' 'Embedded' 'Hfss']
167,Embedded developer to Diadrom!,göteborg,Professionals Nord Rekrytering,1,2022,1,en,Embedded developer to Diadrom!,['Embedded software developer'],['Agile' 'Automotive' 'C#' 'C++' 'Microcontrollers' 'Protocols']
168,HIL automation Engineer,göteborg,Blue Eye,1,2022,1,en,HIL automation Engineer,[],['Dspace' 'Embedded' 'Simulation']
169,HW/Electronics Lead Engineer - Automotive,göteborg,L&t Technology Services Sverige Filial,1,2022,1,en,HW/Electronics Lead Engineer - Automotive,[],[]
170,FPGA Designer,uppsala,Etteplan,1,2022,1,en,FPGA Designer,[],['Design']
171,Project manager - Embedded Hardware,jönköping,Etteplan,1,2022,1,en,Project manager - Embedded Hardware,[],[]
172,Chief / Senior Embedded developer - Hardware,uppsala,Etteplan,1,2022,1,en,Chief / Senior Embedded developer - Hardware,[],['C++' 'Embedded' 'Linux' 'Yocto']
173,Embedded developer - Hardware,uppsala,Etteplan,1,2022,1,en,Embedded developer - Hardware,[],['Devices' 'Embedded' 'Matlab']
174,Embedded Hardware Engineer,göteborg,Alten Sverige,2,2022,1,en,Embedded Hardware Engineer,[],['Altium' 'Embedded' 'Hfss']
175,Driver Interaction Embedded Hardware Manager,göteborg,Volvo Group,2,2022,1,en,Driver Interaction Embedded Hardware Manager,[],[]
176,Embedded Hardware Engineer,,Just Arrived,3,2022,1,en,Embedded Hardware Engineer,[],['Automotive']
177,Embedded Hardware Engineer,stockholm,Relox Robotics,3,2022,1,en,Embedded Hardware Engineer,[],[]
178,Project manager - Embedded Hardware,uppsala,Etteplan,3,2022,1,en,Project manager - Embedded Hardware,[],[]
179,PROJECT MANAGER  - POWER ELECTRONICS - E-MOBILITY,göteborg,Mutual Benefits Engineering,3,2022,1,en,PROJECT MANAGER  - POWER ELECTRONICS - E-MOBILITY,['Technical project manager'],['Automotive' 'Compliance' 'Transmission']
180,Mechanical Engineer,västerås,Ängsgärdet,3,2022,1,en,Mechanical Engineer,[],['Automation']
181,Development Leader Electronics,stockholm,Electrolux,3,2022,1,en,Development Leader Electronics,['Diskrimineringsombudsman'],[]
182,Embedded Hardware Lead,göteborg,Voi Technology,3,2022,1,en,Embedded Hardware Lead,['Diskrimineringsombudsman'],"['Can' 'Compliance' 'Embedded' 'Layout' 'Nodes' 'Performance' 'Smart' 'Ux'
 'Vision']"
183,Senior Perception Algorithms Engineer,lund,Terranet Tech,4,2022,2,en,Senior Perception Algorithms Engineer,[],['Embedded']
184,Technical Leader – Air quality & purifiers - |IKEA Home Smart,lmhult,Ikea Of Sweden,4,2022,2,en,Technical Leader – Air quality & purifiers - |IKEA Home Smart,[],['Compliance' 'Embedded']
185,Embedded developer to Diadrom!,göteborg,Professionals Nord Rekrytering,4,2022,2,en,Embedded developer to Diadrom!,['Embedded software developer'],['Agile' 'Automotive' 'C#' 'C++' 'Microcontrollers' 'Protocols']
186,Electrical & Electronics Architect / Electric Vehicle,uppsala,Etteplan,4,2022,2,en,Electrical & Electronics Architect / Electric Vehicle,[],['Automotive' 'Can' 'Design' 'Ethernet' 'Ip' 'Lin' 'Protocol' 'Simulation']
187,Machine Learning Scientist,stockholm,Dek Technologies,4,2022,2,en,Machine Learning Scientist,[],['C++' 'Embedded' 'Machine learning' 'Python']
188,Embedded Hardware Developer,göteborg,Afry,4,2022,2,sv,Embedded Hardware Developer,['Hårdvarukonstruktör'],"['Altium' 'Asic' 'Elektronik' 'Elektronikkonstruktion' 'Embedded' 'Emc'
 'Engelska' 'Fpga' 'Hw-utveckling' 'Innovation' 'Mätteknik' 'Orcad' 'Pcba'
 'Svenska' 'Teknik']"
189,Embedded developer to Diadrom!,göteborg,Professionals Nord Rekrytering,5,2022,2,en,Embedded developer to Diadrom!,['Embedded software developer'],['Agile' 'Automotive' 'C#' 'C++' 'Microcontrollers' 'Protocols']
190,Embedded Hardware Developer,göteborg,Afry,6,2022,2,sv,Embedded Hardware Developer,['Hårdvarukonstruktör'],"['Elektronik' 'Elektronikkonstruktion' 'Hw-utveckling' 'Innovation' 'Pcba'
 'Teknik']"
191,Electronics Design Engineer,uppsala,Etteplan,6,2022,2,en,Electronics Design Engineer,[],['Devices' 'Embedded']
192,Electronics Design Engineer,jönköping,Etteplan,6,2022,2,en,Electronics Design Engineer,[],['Devices' 'Embedded']
193,Electronics Design Engineer,västerås,Etteplan,6,2022,2,en,Electronics Design Engineer,[],['Devices' 'Embedded']
194,Embedded Hardware Developer,göteborg,Afry,6,2022,2,sv,Embedded Hardware Developer,['Hårdvarukonstruktör'],"['Altium' 'Asic' 'Elektronik' 'Elektronikkonstruktion' 'Embedded' 'Emc'
 'Engelska' 'Fpga' 'Hw-utveckling' 'Innovation' 'Mätteknik' 'Orcad' 'Pcba'
 'Svenska' 'Teknik']"
195,Group Manager HMI HW,göteborg,Volvo Group,6,2022,2,en,Group Manager HMI HW,['Group manager'],[]
196,Development Leader Electronics,stockholm,Electrolux,7,2022,2,en,Development Leader Electronics,['Diskrimineringsombudsman'],[]
197,Technical Leader - Smart Sound|IKEA Home Smart,lmhult,Ikea Of Sweden,7,2022,2,en,Technical Leader - Smart Sound|IKEA Home Smart,[],[]
198,Senior Embedded Software Engineer,göteborg,Tele-radio I Lysekil,7,2022,2,en,Senior Embedded Software Engineer,[],['Freertos' 'Gcc' 'Git' 'Radio' 'Revision' 'Stm32']
